[
	{
		"id": "iu",
		"fullName": "Indiana University",
		"mediumName": "Indiana University",
		"shortName": "IU",
		"url": "https://www.iu.edu"
	},
	{
		"id": "iub",
		"fullName": "Indiana University Bloomington",
		"mediumName": "Indiana University Bloomington",
		"shortName": "IU Bloomington",
		"url": "https://www.indiana.edu"
	},
	{
		"id": "iue",
		"fullName": "Indiana University East",
		"mediumName": "Indiana University East",
		"shortName": "IU East",
		"url": "http://www.iue.edu"
	},
	{
		"id": "iufw",
		"fullName": "Indiana University Fort Wayne",
		"mediumName": "Indiana University Fort Wayne",
		"shortName": "IU Fort Wayne",
		"url": "https://www.iufw.edu"
	},
	{
		"id": "iuk",
		"fullName": "Indiana University Kokomo",
		"mediumName": "Indiana University Kokomo",
		"shortName": "IU Kokomo",
		"url": "https://www.iuk.edu"
	},
	{
		"id": "iun",
		"fullName": "Indiana University Northwest",
		"mediumName": "Indiana University Northwest",
		"shortName": "IU Northwest",
		"url": "http://www.iun.edu"
	},
	{
		"id": "iupuc",
		"fullName": "IUPUC",
		"mediumName": "IUPUC",
		"shortName": "IUPUC",
		"url": "https://www.iupuc.edu"
	},
	{
		"id": "iupui",
		"fullName": "IUPUI",
		"mediumName": "IUPUI",
		"shortName": "IUPUI",
		"url": "https://www.iupui.edu"
	},
	{
		"id": "ius",
		"fullName": "Indiana University Southeast",
		"mediumName": "Indiana University Southeast",
		"shortName": "IU Southeast",
		"url": "https://www.ius.edu"
	},
	{
		"id": "iusb",
		"fullName": "Indiana University South Bend",
		"mediumName": "Indiana University South Bend",
		"shortName": "IU South Bend",
		"url": "https://www.iusb.edu"
	}
]
